label,risk_score
-1,0.0691942323218689
-1,0.08207071448193255
-1,0.004337517080153237
-1,0.02865685163121502
-1,0.09424799779131553
-1,0.13774379947855878
-1,0.09810923309325666
-1,0.18379744281822988
-1,0.4770407398932033
-1,0.20793942335916799
-1,0.016407982010701934
-1,0.018385085497865942
-1,0.03619651415657901
-1,0.14210201589806376
-1,0.37726608990156874
-1,0.3000638797719531
-1,0.014501258542460255
-1,0.10291657865635472
-1,0.00192960950771831
-1,0.09207072102107403
-1,0.054088055644622296
-1,0.49898379634781326
1,0.7392472249875895
-1,0.01271925770530834
-1,0.016528993933348626
-1,0.047342003751358275
-1,0.4602197267428043
-1,0.12257246195841136
-1,0.19380941602358562
-1,0.05536518313435967
-1,0.022497846918808788
-1,0.009945955123075494
-1,0.1772606283253979
-1,0.1406204607549564
-1,0.005671441245655338
-1,0.08127155096452507
-1,0.09535916038845577
-1,0.045455743021473885
-1,0.08530269190494558
1,0.5456377649092912
-1,0.0042738496983928155
-1,0.21184668437339121
-1,0.04743000724060894
-1,0.015836678549991004
-1,0.13190791123665366
-1,0.08607706020915017
-1,0.0628640677748242
1,0.6948701381622963
-1,0.03156897212306757
-1,0.18476832308646227
-1,0.1238601287067518
-1,0.06837259723834853
-1,0.09785338555368289
-1,0.01261331350548182
-1,0.012437534771553616
-1,0.09435659382049226
-1,0.40345946103138336
-1,0.06637290582773667
-1,0.011636809381817662
-1,0.008472418482563913
-1,0.01766620545315452
-1,0.03936680274092744
-1,0.017465832830047816
-1,0.006343979900434213
-1,0.028393545314088074
-1,0.15897182462383944
-1,0.025733782498698364
-1,0.008165167364327576
1,0.7655496546190527
-1,0.1603057946302676
-1,0.08756411995486696
-1,0.04751016020853463
-1,0.03097623596636113
-1,0.00396718135773353
-1,0.06690158877015952
-1,0.2565244592648711
-1,0.20066331927007966
-1,0.2484841947434976
-1,0.09253132923465435
-1,0.3891094528398496
-1,0.30340605907548035
-1,0.20256718054694084
-1,0.03233433636128175
-1,0.03522831033988043
-1,0.13048471405141304
-1,0.005913288877507185
-1,0.0986497743050631
-1,0.41934933295732896
-1,0.4196324206691683
-1,0.06999234292552385
-1,0.16915823836832386
-1,0.056433493919201855
-1,0.0259234265120307
1,0.5773842251636104
-1,0.11250290742564584
1,0.754822611563388
-1,0.08132000272193489
-1,0.06655998887877863
-1,0.0054468691943928265
-1,0.05805894134423929
-1,0.23801028763729157
-1,0.04158539610307966
-1,0.035475925074435
-1,0.34002248940494145
-1,0.015002095633623041
-1,0.022643140489823348
-1,0.0005526950501459193
-1,0.004680499202664012
-1,0.2102144659862035
-1,0.1139416245210081
-1,0.11265522572158627
-1,0.006451500062402037
-1,0.033507574336166704
-1,0.3864290597310099
-1,0.008540521647969602
-1,0.08151901764518235
-1,0.0067745740703518955
-1,0.04334773822560764
-1,0.005797562383863789
-1,0.028418253998543547
-1,0.39040882785569647
-1,0.049274009570750336
-1,0.15565263260977757
-1,0.03951219773212352
1,0.6164645926675304
-1,0.042586871572325824
-1,0.06463411163535411
-1,0.003107483931146599
-1,0.12937084522528772
-1,0.00855548971626798
-1,0.04431532867625869
1,0.5583506194467925
-1,0.017468340765765762
-1,0.004608085432866649
-1,0.1026843797775005
-1,0.04405134888865832
-1,0.31162789993351825
-1,0.05344539834811733
-1,0.004768028170117573
-1,0.23520309597646522
-1,0.22677037258408805
-1,0.13695446236779393
-1,0.012361511039748902
1,0.514954563259876
-1,0.03552025630476943
1,0.7165441925318407
-1,0.05524019757250896
-1,0.10467477132016156
-1,0.22998405673428082
1,0.5194767000082692
-1,0.1134660016774889
-1,0.023197861743253206
-1,0.10921099426186061
-1,0.022493439583763923
-1,0.4203728031359742
-1,0.2090352613265785
-1,0.05161505205889688
-1,0.07775109667778703
-1,0.17786862811668291
-1,0.03547284260321128
-1,0.009663809172203757
-1,0.058761323127780755
-1,0.04443171804301403
-1,0.0036014291710185506
-1,0.022823812778874523
-1,0.4715926799400912
-1,0.14612427318429008
-1,0.03508613459040344
-1,0.003185234638399187
-1,0.02451644404318568
-1,0.011374176129468425
-1,0.011480067120634478
-1,0.04854730183782159
-1,0.08045436214821333
-1,0.008373837864125428
-1,0.15318899818507872
-1,0.26988664610766333
-1,0.023463622285175345
-1,0.42493636453729894
-1,0.1705778049527001
-1,0.006848843536005763
-1,0.015501097630808112
-1,0.17555272063760372
-1,0.09526168034918857
-1,0.029842856488666362
-1,0.004112140068842669
-1,0.019097352575337026
-1,0.08030482692137657
-1,0.01540770365951115
-1,0.04250485277823949
-1,0.0063112567076581095
-1,0.2095175374882575
-1,0.2759811628779402
1,0.5657893419545229
-1,0.18727201227132984
-1,0.3036930596835147
-1,0.29135821224710623
-1,0.054623686165467936
-1,0.1989708660435818
-1,0.0015271162831464744
-1,0.11743335322659593
-1,0.008066569779181092
-1,0.04194592647672888
-1,0.044726207024460514
-1,0.07864083910625305
1,0.9140494032368894
-1,0.014580644691062444
-1,0.04762511191089366
-1,0.04785279752210208
1,0.9180883324026582
-1,0.26575570105859275
-1,0.005764506865379196
1,0.8179537163882407
-1,0.07402152190583385
-1,0.0704304236229067
1,0.6743560729804111
-1,0.013379546693486056
-1,0.004065175781249696
-1,0.003696881553145391
-1,0.0817439636638803
-1,0.015603098766242655
-1,0.039887333580483665
-1,0.20540737507250426
-1,0.40667029497966184
-1,0.02775408598792708
-1,0.3899895231040307
-1,0.002387882874786016
-1,0.07295547596450819
-1,0.04004370670637131
-1,0.010631025510250506
-1,0.22401249133035814
-1,0.03048293196254823
-1,0.0007147555871645814
-1,0.335089072999416
-1,0.0033957977443608844
-1,0.04394196581686645
-1,0.007119367861996022
-1,0.2509279009629834
1,0.8249618057339588
-1,0.26484326875483344
-1,0.038085254362387334
-1,0.24280825751159849
-1,0.025120574883994443
-1,0.15352025282062434
-1,0.4138843128317078
-1,0.23716249454712693
-1,0.0037715874476616598
-1,0.0529639295451072
-1,0.12062141818791888
-1,0.002989138362398862
1,0.9966693399833833
-1,0.21869860079109305
1,0.6915761518370367
-1,0.24019804064685918
-1,0.0582107286155582
-1,0.026338844326177953
-1,0.08422017461370854
-1,0.005290511733440235
-1,0.4072607194934164
-1,0.039047952805250793
-1,0.016286133179349373
-1,0.174889802241523
-1,0.003770616428597235
-1,0.0013575459569443024
-1,0.3712759928171072
-1,0.28257066463633207
-1,0.01546459995946306
-1,0.01767315884106614
-1,0.015645025478628144
-1,0.1473155361834861
1,0.6143099992491884
-1,0.005895334409773245
-1,0.26117332178509134
-1,0.02085957709995974
-1,0.12118182339033626
-1,0.0023301946346191097
-1,0.1873641802581277
-1,0.09371786374548595
-1,0.034446409100495554
-1,0.22569741184773098
-1,0.03324821627591753
-1,0.0033676453021114112
-1,0.003986513961475561
-1,0.10609427129163165
-1,0.03185950242700541
-1,0.14253914349714011
-1,0.07051912689104134
-1,0.07703336487129693
-1,0.0015624004335764775
-1,0.22036638509097445
-1,0.026922013766122205
-1,0.08013833851569027
-1,0.008665092435151053
-1,0.005306761046866683
1,0.5761791990986506
-1,0.010761770172446294
1,0.6689816327673956
-1,0.03084315936323375
-1,0.1459481167883358
-1,0.43706208064987745
-1,0.003612543138527254
-1,0.10186945088580997
-1,0.41668922381562945
-1,0.0977229640958607
-1,0.2472513244010186
-1,0.012429231170757515
-1,0.05945994014064952
-1,0.06215401768495215
-1,0.4441949199126768
1,0.8947177839388273
-1,0.022580401644699585
-1,0.016532919513024512
-1,0.0445135330189302
-1,0.19689150029620908
-1,0.40602854247875103
-1,0.01827282426260616
-1,0.3374121616950027
-1,0.06805160094947058
1,0.6664319412286384
-1,0.04158440278540124
-1,0.005481155043735435
-1,0.4090389527036839
-1,0.18382398294229826
-1,0.022660873390391426
-1,0.32969878718575074
-1,0.29701625906485946
-1,0.21892245495409243
-1,0.003965329415143102
-1,0.07257296335067363
1,0.7304800804884175
-1,0.003946284961491326
-1,0.10021717109021093
-1,0.30790732431409534
-1,0.07469822817158836
-1,0.02946416423751265
-1,0.008134942570624883
-1,0.15986473439723659
-1,0.3856836141181746
-1,0.04841395620675102
-1,0.005435198099056032
-1,0.012390924771559857
-1,0.013607204576886203
-1,0.11453516046707787
-1,0.01780500286029359
1,0.6445383904344899
-1,0.014346244229844795
-1,0.021770245103553812
-1,0.10316245542715281
-1,0.09300861296456273
-1,0.005708729722800017
1,0.5801380581311671
-1,0.19021931048362198
-1,0.33167254014298175
-1,0.0280631221688295
-1,0.0734861696550846
-1,0.023978325260460346
-1,0.0240346885552267
-1,0.03458002146216133
-1,0.1841190457861448
-1,0.13456578370731265
-1,0.17877232569487156
-1,0.08486040310201327
-1,0.014351127603377567
-1,0.16511405394213402
-1,0.06465721054498474
-1,0.051501881309455065
-1,0.006892712267282888
-1,0.0928597260410107
-1,0.004657831670576092
1,0.5689487698379969
-1,0.041123647472125366
-1,0.006780486424372742
-1,0.005825775549612241
-1,0.0032171834630751244
-1,0.17376594462575645
1,0.5064785276729425
-1,0.1325677906522682
-1,0.006272442442242815
-1,0.2541473069662382
-1,0.2780760459122706
-1,0.05767816985145733
-1,0.18571082481025974
-1,0.010473630598238755
-1,0.019836858706509083
-1,0.16501688642304072
-1,0.033013564461915494
-1,0.07519181310484062
-1,0.033708869383227244
-1,0.1688677755170505
1,0.9516969379785171
-1,0.016718312561114713
-1,0.4596227942355955
-1,0.007671244941282826
1,0.6220240849959865
-1,0.03535204434054091
-1,0.007543318948858323
-1,0.030166027669404058
-1,0.0052983305781223854
-1,0.08255922966438169
-1,0.00918957881047509
1,0.760372055229994
-1,0.008269341469408763
-1,0.10667630274264624
-1,0.004602525147146376
-1,0.13554948332701128
-1,0.1383385127580318
-1,0.1447424637891321
-1,0.11976655479168294
-1,0.07612204002651969
-1,0.012311772247125381
-1,0.0554223049914566
-1,0.11721145659067125
-1,0.43139747688219043
-1,0.0038079933710586425
-1,0.028609367882640017
-1,0.009090927985080398
-1,0.026469452257883278
-1,0.006660338930576823
-1,0.023294791190402547
-1,0.012845398267675685
-1,0.3011604555153222
1,0.6847375399368163
-1,0.06864481246226367
-1,0.07556683273205334
-1,0.013646204930379423
-1,0.013326333983978915
-1,0.027124310065414037
-1,0.08522276466634976
-1,0.18143498635457006
-1,0.010263943929672613
1,0.8656780652185673
-1,0.013258192986006268
-1,0.007805473076246206
-1,0.0960521894089368
-1,0.017167220420966176
-1,0.3289181719565837
-1,0.034093473604119434
-1,0.06050018104532117
-1,0.0153608950687875
-1,0.01080569367210111
-1,0.00889316584631704
-1,0.010078684217819642
-1,0.022332256590212853
-1,0.029731153971502677
-1,0.12163005266485476
-1,0.001119824740893429
-1,0.0037564587548856226
1,0.8559690503663563
-1,0.038831559526122945
-1,0.02061424038855548
-1,0.08458195758760631
-1,0.09844603324411991
-1,0.07383592721432254
-1,0.006547907308105132
-1,0.12170671472291202
-1,0.06989832765065872
-1,0.4516547791162677
-1,0.16543975303128497
-1,0.05347125451654278
-1,0.058664637354175445
-1,0.38387453651604514
-1,0.08063300622152102
-1,0.1134918910880728
-1,0.20083837477336194
-1,0.30753262502946715
-1,0.04841799179168726
-1,0.03560898859297752
-1,0.021564372411537594
-1,0.09751936557895319
-1,0.21802408301844947
-1,0.1742306417049236
-1,0.025425917020401145
-1,0.08438786716311408
1,0.7651206788248424
-1,0.04106700221289967
-1,0.1191247095010824
-1,0.31321726647541626
-1,0.00899172041129885
-1,0.006769393415353389
-1,0.000998377848028261
-1,0.0041866288549034705
-1,0.013656987957755518
-1,0.44513060720285247
-1,0.03283730645243481
-1,0.03331212063424284
-1,0.008791824438282586
-1,0.035216389146072655
1,0.5707086349549393
-1,0.006896653916647115
-1,0.008194440575222908
-1,0.005546390779102143
-1,0.05040749210220305
1,0.5309133742382588
-1,0.0043402722841103065
-1,0.04441571890643137
-1,0.04618132745621009
-1,0.0025446274117378966
-1,0.23752875289874797
-1,0.013941028301018756
-1,0.08091302926573164
-1,0.06640185823247924
-1,0.2856209326527235
-1,0.002644099597997983
-1,0.009106474308120017
-1,0.03779089924523411
-1,0.011415594694280442
-1,0.01113608386573141
-1,0.024292929054791947
-1,0.04132606796850319
-1,0.03843827478341685
-1,0.11971756271670235
-1,0.2413820216275672
-1,0.018213427485028563
-1,0.01379328145668592
-1,0.15266034499570136
1,0.6790052810580864
-1,0.025463073952260804
1,0.9912803956313565
-1,0.025617510458926386
-1,0.0035832503926191417
-1,0.06754338065029473
-1,0.09471133631133422
-1,0.01312492010557766
-1,0.02401162832417122
-1,0.009964416855158434
-1,0.011684663819535998
1,0.5817728078757609
-1,0.009585482593494732
-1,0.219077517342536
-1,0.0017833750126278075
-1,0.05476871366358812
-1,0.005511418843065
-1,0.01326389194263683
-1,0.3258669459389554
-1,0.18731638139305304
-1,0.02222612390979796
-1,0.0002682546458703619
-1,0.056273682487065414
-1,0.01312978680554676
-1,0.05705506587504044
1,0.9293594365072502
-1,0.009396368529159016
-1,0.20700215400787048
-1,0.18407522932280806
-1,0.32677210518230293
-1,0.2217074207117559
-1,0.005448358204138473
-1,0.055891104379603124
-1,0.033212470029987576
-1,0.09540291494228047
-1,0.26276918229478347
-1,0.2244929853543754
-1,0.05209040362925768
-1,0.015047851212355473
-1,0.03524235706370605
-1,0.0019499370171786724
-1,0.003068968487080474
-1,0.009246900129719357
-1,0.018379949567731816
-1,0.06969296591492782
-1,0.07480412807825022
-1,0.22213195119856124
-1,0.01155003988159951
-1,0.003095876081902408
-1,0.10730328238458575
-1,0.11310202281491556
1,0.8087644648869767
-1,0.34327013995899397
-1,0.275140842644433
-1,0.08438225076161723
-1,0.2840649150101538
-1,0.029793100549874982
-1,0.12582377067811626
-1,0.10907916394410369
-1,0.004399396894909118
-1,0.13809822298191313
-1,0.01666386394806102
-1,0.01565858138295322
1,0.5783300029183319
-1,0.20399008778101224
-1,0.4836127617677932
1,0.535013254351607
-1,0.020972388281448966
-1,0.1425166369651508
-1,0.11228440263858452
-1,0.027557650055784963
-1,0.2518841934393045
-1,0.052272889915557105
1,0.5690628181491897
-1,0.005490764096251548
-1,0.027332379417551726
-1,0.004892998031702653
1,0.6976067115506288
-1,0.014505979901380093
-1,0.012447130957776881
-1,0.003012793917897684
-1,0.08841787395121968
-1,0.037735229842564874
-1,0.06908012982945651
-1,0.24357024052602297
-1,0.023478533719081034
-1,0.05993861838689466
-1,0.015027125272309632
-1,0.1510216929311188
-1,0.019721256521097356
-1,0.03397147865620059
-1,0.07280607816332595
-1,0.014765747038660378
-1,0.0535992344085904
-1,0.06451063334480152
-1,0.34892434832787056
-1,0.37118097646853176
-1,0.20327765357787436
-1,0.3429563313427468
-1,0.0543758622139103
-1,0.06244556595797226
-1,0.09054553759093502
-1,0.01492120686914805
-1,0.44218770400825425
-1,0.3287678842407428
-1,0.01842269199438634
-1,0.0134044501418518
-1,0.014451252557437743
-1,0.0529690586226283
-1,0.1140677860771131
-1,0.10839194905229872
-1,0.0011199398999592492
-1,0.04888143313310889
-1,0.004099552005296769
-1,0.02376551932095088
-1,0.016913232879837883
-1,0.04561417547998451
-1,0.11507891451175342
1,0.9930021648464529
-1,0.0032344329724480936
-1,0.2642508921296044
-1,0.0014131670714018813
-1,0.0638158041382948
-1,0.021212267766247128
-1,0.019005568406031122
-1,0.05102668978136727
-1,0.16789906035563948
-1,0.19420855384154728
-1,0.22619489798914985
1,0.5948198195489688
-1,0.01371694397586801
-1,0.034608061009558606
-1,0.1190410941375742
-1,0.03580479399335306
-1,0.012937001462597329
-1,0.021883821535394928
-1,0.027493664866292455
-1,0.12566750679081345
-1,0.007789059074091282
1,0.6993639000208044
-1,0.03542648599112326
-1,0.471338358159326
-1,0.06674039869428904
1,0.8416580866037274
-1,0.2349824366090053
-1,0.05436398247848902
-1,0.027824402867225245
-1,0.012007487752553234
-1,0.01659530421000628
-1,0.0427033086493959
-1,0.04167902036405895
-1,0.06794331500093355
-1,0.4853269912139164
-1,0.03177897152963493
-1,0.10501673514192059
-1,0.029360484953960243
-1,0.021292270305940705
-1,0.027504180853086868
-1,0.02195804896238125
-1,0.013846876606054619
-1,0.07353430323364753
1,0.5106936174835796
1,0.5105969521338413
-1,0.49364979922198254
-1,0.09101154592090199
-1,0.325918736308598
-1,0.049581765996164054
-1,0.013583589303910733
-1,0.02794220899805742
-1,0.00613425327072962
-1,0.12524469066717145
-1,0.07187901651120375
-1,0.016171617328635743
-1,0.01685316540167915
-1,0.006047811816760402
-1,0.04372752636052685
-1,0.031517377564527084
-1,0.021772358619070453
-1,0.38587985054370155
1,0.9970479970657
-1,0.03597627355667161
-1,0.057522162152616144
-1,0.014074767495475577
-1,0.33320428569461447
-1,0.04000987893219911
1,0.8233811650424564
-1,0.07893186857806761
-1,0.01730244180167405
-1,0.022329901742532295
-1,0.00680123512725923
-1,0.06969152662742258
-1,0.138088996811068
-1,0.011969930817108735
-1,0.07960995995493854
-1,0.3088517823200026
-1,0.0428895914851593
1,0.590271686968675
-1,0.33357904701805496
-1,0.18617288343669397
-1,0.007834099667852533
-1,0.0008453034573142029
-1,0.020544568731848893
-1,0.013527235043332916
-1,0.03550327937232674
-1,0.055883815455015334
-1,0.36633145631942887
-1,0.06986971297809673
-1,0.018357261105816532
-1,0.049132971399884276
1,0.5055620531195628
-1,0.012894316358315415
-1,0.026590402969011575
1,0.6773564848864915
-1,0.4365138384210516
-1,0.1135912210548827
-1,0.32515774091134064
1,0.7098083257025188
-1,0.124720949862356
-1,0.21133764251036355
-1,0.04395373068406354
-1,0.261857190805867
-1,0.029843572020561576
-1,0.012966882167159015
-1,0.15429151373948555
-1,0.06621683173241155
-1,0.04192559553341987
-1,0.030428317484006064
-1,0.01897010178981906
-1,0.021464528038110726
-1,0.037685376344926164
-1,0.07547964559247879
-1,0.020824134727717724
-1,0.11308250139996866
1,0.6893773717560814
-1,0.01598932985829741
1,0.9877292274296386
-1,0.0014586143274301206
-1,0.4580821719397348
1,0.7132084995026644
-1,0.05849106584541591
-1,0.018564669346749725
-1,0.008892262008304425
-1,0.09232947529969104
1,0.5096121988298297
-1,0.04449508550935176
1,0.6741813435357946
-1,0.05196249089249651
-1,0.012805574866579272
-1,0.07382201264261216
-1,0.04168507285916435
-1,0.1692117620750868
-1,0.21550875475378053
1,0.5558309566755112
-1,0.01685961188689598
1,0.5076300394771555
-1,0.024494051360009855
-1,0.018862079991716706
-1,0.06035504653071869
-1,0.15772902438270683
-1,0.01821050978718009
-1,0.2098423184775986
-1,0.16461106755444616
-1,0.010499560399742897
-1,0.03860767669365359
-1,0.02086809132039202
-1,0.3374735853186402
-1,0.48921976873820544
-1,0.2826744383907933
-1,0.020375290994605874
-1,0.12477955420336494
-1,0.19389122836605108
-1,0.002319514007156619
-1,0.011494508040381548
-1,0.05483938101113681
-1,0.028359971533837427
-1,0.008721693032036088
-1,0.27377847903080943
-1,0.039055640342979495
-1,0.029898684650932636
-1,0.028342266449202964
-1,0.021336060328560762
1,0.9755414301223441
-1,0.1876908346941497
-1,0.004611111753906652
-1,0.16289176650342047
-1,0.04368861064898613
-1,0.07239800240997965
1,0.7475836026348336
-1,0.16089656513891845
1,0.749551703461815
-1,0.2642357376706174
-1,0.09572159596418427
-1,0.247524439904925
-1,0.08694104805925522
-1,0.182936393002984
-1,0.021084106730782908
-1,0.058195949321370066
-1,0.159351936378839
-1,0.16657088070945245
-1,0.12345126129969979
-1,0.005300654277250198
-1,0.07061879149479386
-1,0.005563018498938793
1,0.957732343095987
-1,0.3018798262552785
1,0.9125349137611802
-1,0.015050057161668061
-1,0.003625448257371439
-1,0.030229465415038848
-1,0.010394162858028216
-1,0.037807442770921816
-1,0.011842393959714674
1,0.7072028689521972
-1,0.22443830787041913
-1,0.3669248975548163
1,0.6775100958787051
-1,0.2771531771044437
-1,0.36117463209048295
-1,0.009062323742610958
-1,0.010586189656619302
-1,0.21470434225521318
-1,0.025710126574141637
-1,0.002532915406610985
-1,0.19024792242534785
-1,0.008887869837829559
-1,0.05015824300957021
-1,0.019560583477973053
-1,0.09147606155202269
-1,0.011409941470016404
-1,0.014389646582527062
-1,0.009865155464448326
-1,0.0074055779308188074
1,0.6884858091500435
-1,0.09176850299675753
-1,0.37977707422958107
1,0.7424254544659525
-1,0.10151438471267693
-1,0.006886475849658152
-1,0.023104263285888497
-1,0.05796296249277391
-1,0.009367903221013506
-1,0.0389458266227828
-1,0.143132966984899
-1,0.06533701336048603
-1,0.13241081102535648
-1,0.04894186243347359
-1,0.07724056583416514
-1,0.002546688533672154
-1,0.021127208082632704
-1,0.02564255085090225
-1,0.4655211360276754
-1,0.16036856052813783
-1,0.093245602706412
-1,0.0064549078730765045
-1,0.1251961308441356
-1,0.07548357272359495
-1,0.016786617091146348
-1,0.054150145079604375
-1,0.24733771747379954
-1,0.026617890941287307
-1,0.19850650641098605
-1,0.19299895933148767
-1,0.036264435551917495
-1,0.08471040272377543
-1,0.022356212732808488
-1,0.00840009374336069
-1,0.008001348561663605
-1,0.022707500741932965
-1,0.04289296674587487
-1,0.013734718162202253
-1,0.1002406175785071
-1,0.18139299556668173
-1,0.12734860698557998
-1,0.02639360460592056
-1,0.014489937119155584
-1,0.12131333627015287
-1,0.004157899913404808
-1,0.044351982884598955
-1,0.056739957063400945
-1,0.06170587129489824
-1,0.10304005936846297
-1,0.012218456303154903
-1,0.0024760016442836293
-1,0.004434545446560371
-1,0.2458498830926159
-1,0.15761801982364299
1,0.9610190967417517
-1,0.009950740497471139
-1,0.3018364748888341
-1,0.0052044927268012795
-1,0.37391612772089594
-1,0.0033834267492885185
-1,0.10697214773775672
1,0.999903568566895
-1,0.07310885869489833
-1,0.023561537488820925
-1,0.04353518861922532
-1,0.021663241802085023
-1,0.08716298641809367
-1,0.24396465975360201
-1,0.4448673668977316
-1,0.08608561673262029
-1,0.06393594552814318
-1,0.009471098561511977
-1,0.03712316203956511
-1,0.13188469555300172
-1,0.24305198288151122
-1,0.18636491515390366
-1,0.0017676300706552326
1,0.6808202855516058
-1,0.07966100013008022
-1,0.1597505019084447
1,0.9243673548648688
-1,0.05434753677580898
1,0.6336867462959643
-1,0.23181948818441528
-1,0.2063541991181827
-1,0.20462121931766458
-1,0.045897619311233435
-1,0.006917444498344648
-1,0.009228979337284761
-1,0.1263661043423855
-1,0.039385633676240366
-1,0.35331151503830494
-1,0.02811427118350999
-1,0.20506453025684193
-1,0.00038786644211856767
1,0.5941177370508437
1,0.9810140976924461
-1,0.09029287686140137
-1,0.07901486607782433
-1,0.09901010686372608
-1,0.14865557422088588
1,0.5194186913957005
1,0.7281291410912262
-1,0.367868959341061
-1,0.034012601744420085
-1,0.01114519761551071
-1,0.36358585809500105
-1,0.048489919367506275
1,0.70921844395409
-1,0.19835870239335102
1,0.6053033350194665
-1,0.2683302910589719
-1,0.006758499650239759
-1,0.27598943668253456
-1,0.2565447310710004
-1,0.027080916323395467
-1,0.40867051445432073
-1,0.1259653666897193
-1,0.14373773948611404
-1,0.3927845984672477
1,0.8631197581357516
1,0.5055425165650057
-1,0.028430358369414165
-1,0.03120184637398472
-1,0.25930171275927205
-1,0.09609849985839572
-1,0.009622105051152111
-1,0.03391969080474672
-1,0.08070511965393676
-1,0.06163797001583877
1,0.5785262557495904
-1,0.012136387167832855
-1,0.22221999333406064
-1,0.0324973692847592
-1,0.05488850734814896
-1,0.01574267991325819
-1,0.18927524475112972
-1,0.025639702104933142
-1,0.30083749752437733
-1,0.07476069449978044
1,0.5289595900569043
-1,0.010503041012285361
-1,0.04872525701333845
-1,0.12406998176723982
-1,0.034222652744121854
-1,0.005414372082367546
-1,0.010726284273576915
-1,0.11854416927741818
-1,0.12192684099591686
-1,0.010530394180877018
-1,0.03505940104604075
-1,0.3355021789978516
-1,0.0026325386140852464
-1,0.08898956988711947
-1,0.10685757995095418
-1,0.16497863688901243
-1,0.19616837600547066
1,0.5587873810327384
-1,0.007143865966619283
-1,0.2403029967635321
-1,0.3644959193015384
-1,0.0801921880947228
-1,0.11278583490895955
-1,0.014946902245713224
-1,0.022809025789395133
-1,0.1834228763142665
-1,0.16319105963042294
-1,0.013564155998545838
-1,0.2690405807647936
-1,0.3609410635114293
-1,0.1771183629126077
-1,0.1418035493000857
1,0.994333455820807
1,0.6290147013733502
-1,0.045591513900205015
-1,0.05533737528127611
-1,0.1311358555221426
-1,0.06275029466707645
-1,0.15488180009803135
-1,0.0877903577030442
-1,0.36997830727718195
-1,0.005366546810405971
-1,0.3796061974084433
-1,0.3667301289368465
-1,0.16859315029321528
-1,0.029864025414919355
-1,0.01100147811242981
-1,0.0024207097751394947
-1,0.07719724156673828
-1,0.04682607921723864
-1,0.32581532497927995
-1,0.002617358407299123
1,0.6434254031826387
-1,0.016891612113914753
-1,0.014631952147743594
-1,0.1175520467587806
-1,0.040916144650923775
-1,0.3938785767617443
-1,0.026615570401564623
1,0.6852866619452744
1,0.8545759292512868
-1,0.03611350855011361
-1,0.020961896580081192
-1,0.08587312658433559
-1,0.21689064382302198
-1,0.3108744348799221
-1,0.19070796789523767
-1,0.3891519645550417
-1,0.11508904017534846
-1,0.06615374103917708
-1,0.14453622670283936
1,0.6898203755141609
-1,0.09735036336685204
-1,0.006142979198918586
-1,0.0029805968534388685
-1,0.003991475253375508
-1,0.11518906967177248
-1,0.04735376242435587
-1,0.04457558993520399
-1,0.006863952550319857
-1,0.031560101569218416
-1,0.0941909731033776
-1,0.03725530378418046
-1,0.1036920112679023
-1,0.0012305684641608964
-1,0.01132807303399294
-1,0.04276876155783188
-1,0.025548901238007307
1,0.6028439507947233
-1,0.14649204241358352
-1,0.006441086520372931
-1,0.002369321183532432
-1,0.04811500697838627
-1,0.04169899735494156
-1,0.008451198695922498
-1,0.0029136723178830545
-1,0.054382234421891176
-1,0.06146183153153019
-1,0.16345191769418094
-1,0.03829840223544729
1,0.5921250297958118
-1,0.29058532442988344
-1,0.36927544984335364
-1,0.058779651340149536
-1,0.029398518136727253
-1,0.16036948544485644
-1,0.016450375384554947
-1,0.04647470384439037
-1,0.1539207333949025
-1,0.0082376057247512
-1,0.060038908038848426
-1,0.03534941559423018
-1,0.0933515308147659
-1,0.018912785476451453
-1,0.014247845129820101
-1,0.27374854778258606
-1,0.039330756687819324
1,0.5855823308297111
-1,0.011479213001756987
-1,0.10769537345812787
-1,0.018322002712821965
-1,0.04330909660461998
-1,0.36921492055529737
-1,0.212175758329029
-1,0.09293225219739173
-1,0.008069903890720945
-1,0.024497757216779964
-1,0.2888243168025751
-1,0.021714244904028138
-1,0.05191484244604407
-1,0.09128868740567202
-1,0.033481590575576106
-1,0.017787495613080215
-1,0.07026306918795061
-1,0.0020393397458976447
-1,0.27270016159333116
-1,0.0025601745710366894
-1,0.03258369411662503
-1,0.04645722166776583
-1,0.006687210964380775
-1,0.06247597969483338
-1,0.4546569547969609
-1,0.20030368943520593
-1,0.0015089275189788657
-1,0.4008528575281583
-1,0.25320543513390914
-1,0.32404345321131467
-1,0.05052637948855242
-1,0.10877621759168594
-1,0.06440395328466697
-1,0.11206689440501792
-1,0.041887574880558415
-1,0.0047992134432085385
-1,0.0029603608750228528
-1,0.11538206199808711
1,0.8817971010443254
-1,0.0348822076457437
1,0.7032242403748716
-1,0.049229823772234886
-1,0.01737670882004598
-1,0.026550065490297748
-1,0.03336240194566786
-1,0.038110194479979494
-1,0.37627477291107847
-1,0.011235089664871956
-1,0.012156544270723196
-1,0.02251733711094913
-1,0.07970868610140698
-1,0.011260908360886493
-1,0.0037346199342916664
-1,0.06354584172873327
-1,0.06781746253786682
1,0.6878204374727196
-1,0.07889695071093863
-1,0.012644214789960096
-1,0.011760279351791253
-1,0.10385654083167446
-1,0.016819238518234532
-1,0.028423501069387402
-1,0.10541789612595474
-1,0.011565846879830406
-1,0.030253936933576562
-1,0.010204802753541086
-1,0.366322782085214
-1,0.48140200639657704
-1,0.004740362275506744
-1,0.020172594582722095
-1,0.0022478683822771163
-1,0.02493474792243954
-1,0.06400054226977829
-1,0.10399578571346323
-1,0.01046889332582075
-1,0.42921121013071223
-1,0.008391523221845656
1,0.8168099507933845
-1,0.055153399116377955
-1,0.0041208392423080185
-1,0.26635174736418477
-1,0.08953769467835072
-1,0.06269512977188949
-1,0.001535001255591264
-1,0.018853646149630136
-1,0.03500059590712907
-1,0.004766602361215689
-1,0.14524081596318048
-1,0.012637571768319545
-1,0.02504805592746699
-1,0.053325449657826506
-1,0.035537339677079
-1,0.09150230970851944
-1,0.3870884907780004
-1,0.024512747429850195
-1,0.09214896848456336
-1,0.3494839110219929
-1,0.44335327876158626
-1,0.13218802453382458
-1,0.015511943234894209
-1,0.04358997757231852
-1,0.0023091882085061917
-1,0.008480507937257692
-1,0.040580605055133945
-1,0.07326417545473947
-1,0.11668571597906273
-1,0.47245452350519945
-1,0.0663606849369363
-1,0.02263919542286676
-1,0.012040992394548493
1,0.8619602251876196
1,0.701306061979394
-1,0.053440641011415574
-1,0.003207206836614914
-1,0.022369445204164812
-1,0.028535894638357075
-1,0.009434593653535073
-1,0.22172304994187003
-1,0.3162757055287967
-1,0.07426735435995353
-1,0.04355678013167689
1,0.879954110792392
-1,0.002524036045008457
-1,0.005916492648215529
-1,0.1862697827933763
-1,0.2153703818379714
-1,0.019039100960427813
-1,0.10770065620516822
-1,0.004930803362709619
-1,0.020619923307848013
-1,0.02556081489222334
-1,0.21742699227933607
-1,0.0029918982437604877
-1,0.18588486018472933
-1,0.032600308630051075
-1,0.006972706131067652
-1,0.024089357246960742
-1,0.009674254833505327
-1,0.2533517957477318
1,0.6634217923473534
-1,0.1260004441432116
-1,0.06503713659910663
-1,0.0685676958267393
-1,0.35700758614099365
-1,0.19722415695446857
-1,0.07132558770214455
1,0.6904457761605756
-1,0.021954699437198806
-1,0.053569128838311796
-1,0.026012481714991983
-1,0.05375336770975078
-1,0.04651737054153869
-1,0.070031439743832
-1,0.05740122635749041
-1,0.007454378552760093
-1,0.0341483336358703
-1,0.004092097890078267
-1,0.005429432473658531
-1,0.009087613967887891
-1,0.002429666917377697
-1,0.140695040140667
-1,0.005428675690396693
1,0.5301257816983824
-1,0.10825338497153879
-1,0.03618536733934374
-1,0.4198206877908488
-1,0.10148188903995901
-1,0.07688028569625383
1,0.9044101271518697
-1,0.012425667094439792
1,0.8488137570542064
-1,0.021058152674054885
-1,0.15160487895960545
-1,0.009456578600260845
-1,0.18823650458888144
-1,0.12901126322316175
-1,0.013201875955822163
-1,0.09959740988757322
-1,0.09663452327027053
-1,0.01978651986203162
-1,0.2424016932290117
-1,0.4751576178583466
-1,0.013832002775475872
-1,0.20306172256524638
-1,0.11594783358904613
1,0.5404231327913113
-1,0.09515862986394176
-1,0.09249283766752864
-1,0.2250156672899465
-1,0.006454640556011808
-1,0.016582431971475763
-1,0.01256782799199929
-1,0.002477387629258749
-1,0.0295862724717611
-1,0.06953705142216589
-1,0.059616092836733255
-1,0.023283690484362657
-1,0.1382635538029957
-1,0.03702161233027827
-1,0.014199494245200684
-1,0.03879364432530239
-1,0.007818639848120939
-1,0.1155951379832194
-1,0.13446234768176385
-1,0.0023050788474371707
-1,0.001371836515887617
1,0.5124489303692055
-1,0.09517375409444133
-1,0.02706223393663279
-1,0.07968665160782162
-1,0.026920674887162
1,0.92539021296545
1,0.768813894203871
-1,0.14665189262446793
1,0.5992897176731575
-1,0.0518644683179065
-1,0.05357219423804349
-1,0.12329860467658732
-1,0.037480596516154915
-1,0.15564400803640105
1,0.6464025825401514
-1,0.017203462276845563
1,0.6529400752402905
-1,0.08510560922083192
-1,0.1900495800417569
-1,0.1196664701566324
-1,0.004628599481225525
-1,0.049472784542332955
-1,0.10991011987930599
-1,0.07091611683004607
-1,0.06687149781933022
-1,0.07807471035020612
1,0.5141841133652586
-1,0.196989842893553
-1,0.02553415284410709
-1,0.012032824338412334
-1,0.005643975718716319
-1,0.2970986217731179
-1,0.022508356804206254
-1,0.035696663006850406
1,0.8388299949137664
-1,0.21798050712637973
-1,0.00971179291397653
-1,0.016177101384505795
-1,0.040923519434711536
-1,0.06352041153451997
-1,0.13159477594828276
-1,0.05617603039025428
-1,0.05446173744887263
1,0.7713421740381309
-1,0.209023481104504
-1,0.019196443440098843
-1,0.0048173789389941565
-1,0.01353547020985278
-1,0.09293978823005578
-1,0.07489167755506863
1,0.9383349368212903
-1,0.16147937545376098
-1,0.30912927870812285
-1,0.004569350612696028
-1,0.031763869108808206
-1,0.15518358394994294
-1,0.005017027580105833
-1,0.008415794660986737
-1,0.25678677518126203
-1,0.050052129216017
-1,0.0106134443815535
-1,0.00555560083870304
-1,0.16322310187067826
-1,0.2397028242995759
-1,0.13485420651107705
-1,0.026867402322426782
-1,0.03890457873032501
-1,0.0028366975149527337
-1,0.09598301310629087
-1,0.344524235728477
-1,0.35123060921396976
-1,0.02377077530247699
-1,0.2246234037871462
-1,0.3571016207982696
-1,0.02259792117452954
1,0.5937029240380055
-1,0.024814362768206217
-1,0.011110447428034902
1,0.6293882174995141
-1,0.08890457255410121
-1,0.42908976055767395
1,0.6419787453953237
1,0.8189952272848783
-1,0.14378646220597935
-1,0.07035182403378637
-1,0.010119471168693847
-1,0.18658044963814854
-1,0.08242296673232911
-1,0.04460397511521168
1,0.5188067485216891
-1,0.021922666595798956
-1,0.04009567888137103
-1,0.03033983305236047
1,0.5333293737952642
-1,0.009988915444403714
-1,0.04043861015009526
-1,0.039501809724226844
-1,0.1767004672213508
-1,0.030921943830752883
-1,0.023999351597448277
-1,0.013890676200547012
-1,0.030841286694849295
-1,0.4732065968641415
-1,0.0072262193727082496
1,0.9537853385037184
-1,0.0037069794009414875
-1,0.0037660465589372124
-1,0.011524367670587236
-1,0.37984906770135707
-1,0.03523404514813413
-1,0.11004642178624756
-1,0.021257903116613703
-1,0.00786766413019731
-1,0.0202883179202511
-1,0.3826616581468839
-1,0.0069303324245347355
-1,0.2191012316612874
1,0.5080593510851025
-1,0.018843730107191987
-1,0.0058625625817371055
-1,0.010241870844892713
-1,0.16110213248871258
-1,0.02896680575505025
-1,0.007137246237859773
-1,0.03013289454155024
-1,0.2792540189601659
-1,0.012629043501602467
-1,0.01244625189452822
-1,0.025050705800201373
-1,0.01860437045364824
-1,0.0614904237639254
-1,0.010993567854848736
-1,0.011689211448837352
-1,0.10369180406005085
-1,0.0872225510559847
-1,0.005304269499704943
-1,0.13139555453629867
-1,0.00902415333064479
-1,0.04687311641008007
-1,0.17354885779966217
-1,0.013360191251982435
-1,0.09782175131109014
1,0.6803149083867037
1,0.7161033917824035
-1,0.3175864488054554
-1,0.0078984086982212
-1,0.06161038893486904
-1,0.06017281058190508
-1,0.2061008560399759
-1,0.16156513089329733
-1,0.055658556958799
-1,0.0992160116498609
-1,0.26923590021986776
-1,0.000934753998419227
-1,0.14513528941664772
-1,0.0054343441586023845
1,0.7988842946713337
-1,0.024405816384376625
-1,0.0511378533021686
-1,0.08086056563793567
-1,0.1874456518760909
-1,0.01928649072537641
-1,0.037544529025938446
-1,0.200812108045054
-1,0.016357556139018223
-1,0.10731120786579444
-1,0.0035219532746258767
1,0.6186958902179814
-1,0.09892857722413473
-1,0.018661856394819713
-1,0.06327836867406553
-1,0.009204254422963954
-1,0.06598888744607662
-1,0.07845617392898531
-1,0.2856701931297997
-1,0.010880044461564918
-1,0.027146653746606762
-1,0.05853070596282326
1,0.6718841008228822
-1,0.4452075044137659
-1,0.2783059346801407
-1,0.06185874490117188
-1,0.01840995532389399
-1,0.05850057291765179
-1,0.00514836818519062
1,0.5229090342140137
-1,0.06686313669276243
-1,0.09176809662861447
-1,0.046074280894495216
-1,0.19117181182239304
-1,0.011885374144042872
-1,0.00925473338852803
-1,0.09728882003213224
-1,0.062183633753836474
-1,0.1785668250889346
-1,0.005532815562341161
-1,0.13568570376023523
-1,0.1595870161733449
-1,0.028233245300298977
1,0.5474154443046368
-1,0.01735309762433546
-1,0.22135940614467103
-1,0.04215464518761422
-1,0.3057568644437687
-1,0.08011375860680588
-1,0.3358125276556812
-1,0.25303015401221096
-1,0.47959278912041137
-1,0.03827514124496332
-1,0.1351923410046442
-1,0.04830234566357145
-1,0.017605419622615824
-1,0.3074602545413233
-1,0.08298190762248747
-1,0.0013600800297941245
-1,0.12001962729947485
-1,0.01643425277302523
-1,0.019499283883043235
-1,0.0934957759053114
1,0.9978745315896945
-1,0.0018515032123512455
-1,0.055853106056980115
-1,0.09097356381392693
-1,0.058158011619223016
-1,0.06834322149536652
-1,0.022082686895217314
-1,0.1177447635009288
-1,0.019906136539651655
-1,0.01823160205915616
-1,0.013127861077237216
-1,0.05244556740362242
-1,0.02862568857828706
-1,0.006226996627669869
-1,0.3153770573034476
-1,0.22648033808726703
-1,0.19346816349470272
-1,0.12804962673186476
-1,0.19293806334542493
-1,0.4374766554787554
-1,0.36896876184596417
-1,0.025146033823550108
-1,0.09896058627241011
-1,0.008520288638199121
-1,0.1492325392833827
1,0.6520409270774594
-1,0.030187834866302995
-1,0.06112213281512853
-1,0.06778853498312666
-1,0.0489908003354569
-1,0.14339429732536668
-1,0.45958212710298546
-1,0.009481118081952927
-1,0.01678177663879189
-1,0.020190363919612184
1,0.5044274378712988
-1,0.019164822914931472
-1,0.0052783489298054605
-1,0.3967170825136382
-1,0.026427821746515458
1,0.8175799031632695
-1,0.0071595613771403025
-1,0.01491206086805604
-1,0.4648888503195783
-1,0.005441270746463197
-1,0.062359029851981405
-1,0.04579623456865962
-1,0.011559789994905714
-1,0.02233215738512568
-1,0.022171691774440408
-1,0.10371117974394385
-1,0.1633507692081632
-1,0.23563168095384562
-1,0.3757710204744618
-1,0.010874942745497546
-1,0.004880182261707808
-1,0.021313293653106836
-1,0.20681508859928352
-1,0.3622830988885792
-1,0.016742286266812813
-1,0.009205461270497962
1,0.7472020032494572
-1,0.2510698974259744
-1,0.0989078193231534
-1,0.4093631191981308
1,0.5313203192149399
-1,0.02040535797607068
-1,0.00421418752052786
-1,0.00914887476218169
-1,0.008442745822325463
-1,0.03254642466926513
-1,0.0032558692756267374
-1,0.011613370970772544
-1,0.007547658010611895
-1,0.10830368517807393
-1,0.21263298824669
-1,0.02907349887678545
-1,0.003660302539281104
-1,0.039998210671231146
-1,0.01273924560906663
-1,0.18965256247112644
-1,0.32924280127908995
-1,0.3589715721539252
-1,0.33712153178317367
-1,0.03585679457434621
-1,0.1312785449401318
-1,0.30567620272166196
1,0.7862880508210955
-1,0.06023819343043806
-1,0.05203496204187454
-1,0.2549580720787331
-1,0.1459152417238552
-1,0.2991328338909459
-1,0.057004002948967264
-1,0.05666886577708006
-1,0.06725820617273467
-1,0.06831094228624117
-1,0.02718821224282846
-1,0.3770131956272929
-1,0.054196777505536135
-1,0.11170675893202478
-1,0.025342953707275313
-1,0.41524908267120325
1,0.6422570248814251
-1,0.009773433985426483
-1,0.19047937213534816
-1,0.06114523677688159
-1,0.06941283267176052
-1,0.00596613384204445
-1,0.017974991047664982
-1,0.012921337678875116
-1,0.004790430302256443
-1,0.07317121175504317
-1,0.1370001212140689
-1,0.15785149110122634
1,0.7166524657072179
-1,0.06605277509767057
-1,0.13661775814425692
-1,0.08937902385399665
-1,0.1483788675679588
-1,0.06739905819335726
-1,0.00941691968388459
-1,0.4327826659861771
-1,0.02449691256281927
-1,0.02098595980664514
-1,0.11825138321482202
-1,0.06064677024828904
-1,0.011392697570835756
-1,0.3186349725872714
-1,0.15422873776876087
-1,0.014909492246450261
-1,0.02790006058450754
-1,0.28151900932164337
-1,0.010159502467929658
-1,0.02136193043747376
-1,0.022533098822360247
-1,0.009001548971530486
-1,0.006690525972465784
-1,0.013212735015484398
-1,0.040889757684403845
-1,0.02176219226053025
-1,0.010479339249290199
-1,0.3880980990173775
-1,0.03514343674941935
-1,0.007257105706898631
-1,0.006854048339788533
-1,0.00610765430287157
-1,0.03521923777937433
-1,0.04925495278741158
-1,0.26625627399630347
-1,0.011824324520987547
-1,0.06172446794958628
-1,0.08469925029506213
-1,0.005352568184618627
-1,0.0002164697409119277
-1,0.01215166848210365
1,0.6546668315533087
-1,0.030512928188741132
1,0.9524564994572519
-1,0.042943254903132146
-1,0.06285081731994124
-1,0.05994643461838908
-1,0.038515803437328223
-1,0.01217874982529936
-1,0.2838819038973567
-1,0.03235939917042874
-1,0.016117820848966166
-1,0.019564460593688833
-1,0.16216833518316082
-1,0.29026539444793054
-1,0.015566304016452398
-1,0.004664178782406119
-1,0.0276896019145043
-1,0.0676533080489005
-1,0.05494453131783151
-1,0.07547621508511179
-1,0.06958121076710969
-1,0.08607901900468541
-1,0.0054255430044817315
-1,0.015981980193897644
-1,0.004463722084728536
1,0.8393136418223557
-1,0.09898078273252592
-1,0.004989525369266324
-1,0.19566958787138225
-1,0.07604592333901027
-1,0.021970415565570996
-1,0.049057343492780715
-1,0.09013831763582544
-1,0.013231118528410003
-1,0.09882021174899848
-1,0.01383234138109559
-1,0.0081190850678033
-1,0.012061639777220403
-1,0.011441685637308078
1,0.9333756862108666
1,0.5093833690516216
-1,0.06508800516863052
-1,0.012394308063701703
1,0.9895866468146253
-1,0.042310692094754125
-1,0.03321466330691019
-1,0.00617906018691858
1,0.5130248540110394
-1,0.00918237487326701
-1,0.021705211827254486
-1,0.1740842554635255
-1,0.21708710075480817
-1,0.030410682063289465
-1,0.089788464786331
-1,0.41509212631705517
1,0.8067894112739026
-1,0.28204440022642596
-1,0.3463633973862473
-1,0.4509473301636051
-1,0.26610557006811586
-1,0.00799090080755402
-1,0.042929144280375475
1,0.5688332052426609
-1,0.4276392000429744
-1,0.015526641800745106
-1,0.011560328170757571
-1,1.9586977569581455e-05
1,0.8050751714930631
-1,0.0767748097119684
-1,0.011093200239989658
-1,0.2340700173259802
-1,0.006185642580892938
-1,0.0652132974590162
-1,0.04733318487144868
-1,0.01539990841215307
-1,0.15237599338780006
-1,0.3563544774429093
-1,0.05324459431461641
-1,0.35563929575173536
-1,0.04535842665847459
-1,0.03358536290319359
-1,0.2675161555693008
-1,0.0231535140671879
-1,0.1694642255079802
-1,0.27411437473887457
-1,0.008481174232164062
-1,0.18651611513529023
-1,0.06374195488685432
1,0.5866549248468861
-1,0.03934516029395268
1,0.7269289760375942
-1,0.35418017781495886
-1,0.03967053243054175
-1,0.007136031543792616
-1,0.07096010226805473
-1,0.09218991505022373
-1,0.02850814653811931
-1,0.007348824810026773
-1,0.0011552694590761705
-1,0.11152049840057195
-1,0.10330265362144038
-1,0.008548848276701737
-1,0.2144345375005882
-1,0.2874985240175289
-1,0.02850127773311739
-1,0.06194753972574369
-1,0.006774541857663008
-1,0.06700713821672744
-1,0.02185859760612771
-1,0.023358516086175098
-1,0.006116349795968313
-1,0.0066669364078000915
-1,0.038288688161586704
-1,0.07483310193726941
-1,0.05471009224229403
-1,0.07901099183935474
1,0.7646254094993846
-1,0.010978598540183949
-1,0.14420724627269077
-1,0.04421517813110397
-1,0.11168855167344517
1,0.9216198166375336
-1,0.0678295901716451
-1,0.22750341975721391
-1,0.22154604916092416
-1,0.29142180238526727
-1,0.18917509852462874
-1,0.02418861788670118
-1,0.016506113206703945
-1,0.02769278638308598
-1,0.007770586138234928
-1,0.08287533181161767
-1,0.03011128576384743
-1,0.17886509799734884
-1,0.01146774271756569
-1,0.1419048709438891
-1,0.11829423561555127
-1,0.028531613982392356
-1,0.03592439532346262
-1,0.07658907306069175
-1,0.26509574818641307
1,0.536182498458808
-1,0.005742882111854708
-1,0.4282500258137327
-1,0.07787746726491437
-1,0.009104747946175561
-1,0.04889455922319037
-1,0.013405478973021865
-1,0.048694116651191235
1,0.768723661683303
-1,0.29300925016986773
-1,0.016753624380583653
-1,0.02243261283167838
-1,0.04882196548744223
-1,0.01916870603863223
-1,0.008804766207203996
-1,0.008331833878766178
-1,0.07220087221669491
-1,0.05270340161102516
-1,0.02943881553598433
-1,0.04037090499517061
-1,0.04913624585560265
-1,0.0911760568491341
-1,0.1619340038274141
-1,0.3952038223751128
-1,0.12769195886021303
-1,0.033465237524838674
1,0.602290261084849
-1,0.01255127391876205
-1,0.30791188176494283
-1,0.010683730905200892
-1,0.2681711022536754
1,0.6379660002938972
-1,0.00826755761546843
-1,0.04841830284987636
-1,0.00882866993381046
-1,0.391013935427404
-1,0.0018467237338167502
1,0.8306580421497031
-1,0.009936140248464504
-1,0.00765590292372588
-1,0.20695942582430019
-1,0.0781968939849555
-1,0.040860465683271924
-1,0.028137864934633203
-1,0.31983570696546
-1,0.06184947826366661
-1,0.009786030479197745
-1,0.2473912223878944
-1,0.04191128786210235
-1,0.11171755253650452
-1,0.2797285506607385
-1,0.020623948439627258
-1,0.4339332799823778
-1,0.026287727376995675
-1,0.003082538055586337
-1,0.1197943463802557
-1,0.4055764987465643
-1,0.008805985235443028
-1,0.13371276167022267
-1,0.007482953527084217
-1,0.03814505432344583
-1,0.04268190135432021
-1,0.004853762804621901
-1,0.005225680120698473
1,0.5331886959210124
-1,0.30345666716395686
-1,0.01480421251320978
-1,0.011580955398445125
1,0.7637002029576841
-1,0.003063973565819539
-1,0.15440722853247174
-1,0.25840298043769305
-1,0.1306695227528304
-1,0.006135913587778821
-1,0.14410261077161218
-1,0.049930694831793375
-1,0.30587682535608024
-1,0.3914727967264706
-1,0.16273074622057102
-1,0.19967581332222298
-1,0.01698500781244552
-1,0.008319320289258391
-1,0.35903194536529204
-1,0.20371299866660636
1,0.9231993306565103
-1,0.04706785897319598
-1,0.03949781513394172
-1,0.014458735870182357
-1,0.026818259011667404
-1,0.021448039400356972
-1,0.019813026425303738
-1,0.025096514790047528
-1,0.051557137799784214
-1,0.020206140695937427
-1,0.001560041180528716
-1,0.11887796513284286
-1,0.06756693242527612
-1,0.14522183603164643
-1,0.043924712595646974
-1,9.668037882733508e-05
-1,0.03589248300742362
-1,0.2019805083582952
1,0.5250035864169417
1,0.9962183834674326
-1,0.006631835408857596
-1,0.06954489937966253
-1,0.16183176594116314
-1,0.13200639303480236
-1,0.03050116186591196
-1,0.00901806405370366
-1,0.0607566777105213
-1,0.00910332166256263
1,0.909082358825748
-1,0.00810870048512314
-1,0.10354519037739132
-1,0.4436849053972798
1,0.5424889215069665
-1,0.019378946802835022
-1,0.41193969341974984
-1,0.02824197050286675
-1,0.05349710967834643
-1,0.18229726332290527
-1,0.00729580049126066
-1,0.20720683807662782
-1,0.0059202198399792355
-1,0.11804519561660845
-1,0.000869001388528886
-1,0.034507685150261196
-1,0.07512258309202327
-1,0.21473613076833278
-1,0.41449059202858834
-1,0.015494877404542846
-1,0.24348609113076736
-1,0.016497419286250998
-1,0.02140510589533628
-1,0.01083146074363033
-1,0.0039189959317470985
1,0.6197551725952372
1,0.5865568259529215
-1,0.09072183311040939
-1,0.010714105093082968
-1,0.018873714432943348
-1,0.03194050915876929
-1,0.011369978054084883
-1,0.015006645297148735
-1,0.008437959690059537
1,0.7824022041761751
-1,0.013235186278170151
-1,0.008777215138537067
-1,0.21999349557112316
-1,0.04289335180529406
-1,0.10229564739686196
-1,0.3278889309628576
-1,0.010953460129239733
-1,0.058772519538434626
-1,0.0723113344434318
-1,0.011560477162295356
1,0.9299138086312893
-1,0.10527594616676454
1,0.6940431442443157
-1,0.0121133221574525
-1,0.42934083169176424
-1,0.005320573050398576
-1,0.0034144088177574454
-1,0.31046511812693706
-1,0.008639284700057509
-1,0.12229854233233338
-1,0.02270638828311531
-1,0.06022483596677829
-1,0.08016144071989854
-1,0.010477916999225824
-1,0.015381338685419462
-1,0.17384214665092984
-1,0.46108885557121665
